{
  "version": 1,
  "author": "Anonymous maker",
  "editor": "wokwi",
  "parts": [
    { "type": "wokwi-arduino-uno", "id": "uno", "top": 151.01, "left": -236.59, "attrs": {} },
    {
      "type": "wokwi-lcd2004",
      "id": "lcd1",
      "top": -81.16,
      "left": -279.49,
      "attrs": { "pins": "i2c" }
    },
    {
      "type": "wokwi-pir-motion-sensor",
      "id": "pir1",
      "top": -362.69,
      "left": 57.75,
      "attrs": {}
    },
    {
      "type": "wokwi-pir-motion-sensor",
      "id": "pir2",
      "top": -364.6,
      "left": 211.51,
      "attrs": {}
    },
    {
      "type": "wokwi-pir-motion-sensor",
      "id": "pir4",
      "top": 474.66,
      "left": 166.78,
      "attrs": {}
    },
    {
      "type": "wokwi-pir-motion-sensor",
      "id": "pir5",
      "top": 267.71,
      "left": 150.29,
      "attrs": {}
    },
    {
      "type": "wokwi-pir-motion-sensor",
      "id": "pir6",
      "top": -361.07,
      "left": 361.56,
      "attrs": {}
    },
    {
      "type": "wokwi-pir-motion-sensor",
      "id": "pir7",
      "top": -369.63,
      "left": -234.47,
      "attrs": {}
    },
    {
      "type": "wokwi-pir-motion-sensor",
      "id": "pir8",
      "top": -369.63,
      "left": -92.36,
      "attrs": {}
    },
    {
      "type": "wokwi-pir-motion-sensor",
      "id": "pir3",
      "top": -358.69,
      "left": 492.03,
      "attrs": {}
    },
    { "type": "wokwi-servo", "id": "servo1", "top": 363, "left": 227.17, "attrs": {} }
  ],
  "connections": [
    [ "lcd1:GND", "uno:GND.2", "black", [ "h-11.05", "v-6.92", "h-15.81", "v442.18", "h210.41" ] ],
    [ "lcd1:VCC", "uno:5V", "red", [ "h-6.52", "v-2.12", "h-78.35", "v459.09", "h290.3" ] ],
    [ "pir5:VCC", "uno:5V", "red", [ "v0" ] ],
    [ "pir4:VCC", "pir5:VCC", "red", [ "v29.6", "h-95.47", "v-152.52", "h73.75" ] ],
    [ "pir5:GND", "uno:GND.2", "black", [ "v-1.45", "h50.72", "v-120.67", "h-202.8", "v174.31" ] ],
    [ "pir4:GND", "pir5:GND", "black", [ "v1.1", "h57.69", "v-192.74" ] ],
    [ "pir7:VCC", "pir5:VCC", "red", [ "v170.78", "h335.26", "v470.78" ] ],
    [ "pir7:GND", "pir5:GND", "black", [ "v143.51", "h459.33", "v469.34" ] ],
    [ "pir8:VCC", "pir7:VCC", "red", [ "v0" ] ],
    [ "pir1:VCC", "pir8:VCC", "red", [ "v0" ] ],
    [ "pir2:VCC", "pir1:VCC", "red", [ "v0" ] ],
    [ "pir6:VCC", "pir2:VCC", "red", [ "v0" ] ],
    [ "pir8:GND", "pir7:GND", "black", [ "v0" ] ],
    [ "pir1:GND", "pir8:GND", "black", [ "v0" ] ],
    [ "pir2:GND", "pir1:GND", "black", [ "v0" ] ],
    [ "pir6:GND", "pir2:OUT", "black", [ "v0" ] ],
    [ "pir3:VCC", "pir6:VCC", "red", [ "v0" ] ],
    [ "pir3:GND", "pir6:GND", "black", [ "v0" ] ],
    [ "pir7:OUT", "uno:10", "green", [ "v123.39", "h591.78", "v279.73", "h-510.36" ] ],
    [ "pir8:OUT", "uno:9", "green", [ "v112.98", "h461.57", "v270.8", "h-495.48" ] ],
    [ "pir1:OUT", "uno:8", "green", [ "v92.65", "h323.36", "v312.46", "h-505.89" ] ],
    [ "pir2:OUT", "uno:7", "green", [ "v87.12", "h187.46", "v272.29", "h-510.36" ] ],
    [ "pir6:OUT", "uno:6", "green", [ "v68.71", "h50.8", "v313.95", "h-507.38" ] ],
    [ "pir3:OUT", "uno:5", "green", [ "v305.88", "h-441.24", "v31.25", "h-127.96" ] ],
    [ "pir5:OUT", "uno:4", "green", [ "v30.36", "h-145.23", "v-258.44", "h-84.58" ] ],
    [ "servo1:PWM", "uno:3", "green", [ "h-184.02", "v-24.7" ] ],
    [ "pir4:OUT", "uno:2", "green", [ "v63.06", "h-189.91", "v-468.33" ] ],
    [ "servo1:GND", "pir5:GND", "black", [ "h0" ] ],
    [ "servo1:V+", "pir5:VCC", "green", [ "h0" ] ],
    [ "lcd1:SDA", "uno:A4", "green", [ "h10.63", "v387.27", "h275.89" ] ],
    [ "lcd1:SCL", "uno:A5", "green", [ "h-59.54", "v457.51", "h12.76" ] ]
  ],
  "dependencies": {}
}